model,accuracy,macro_f1
LogisticRegression,0.6943194319431943,0.6883567449015056
SVM,0.7185218521852185,0.7183683948758176
RandomForest,0.7105710571057106,0.7005039947488098
